"TimeUTC","timestampInMs","requestPath","requestMethod","requestQueryString","responseStatusCode","requestId","requestUserAgent","level","environment","branch","vercelCache","type","function","host","deploymentDomain","deploymentId","durationMs","region","maxMemoryUsed","memorySize","message","projectId","traceId","sessionId","invocationId","instanceId","concurrency"
"2025-08-23 04:15:30",1755922530084,"polaris.smartslate.io/api/anthropic","POST","",-1,"xlzc5-1755922529519-752c61e0a677","Mozilla/5.0 (X11; Linux x86_64) AppleWebKit/537.36 (KHTML, like Gecko) Chrome/139.0.0.0 Safari/537.36","error","production","main","","lambda","/api/anthropic","polaris.smartslate.io","polaris.smartslate.io","dpl_91Tc2PyDLUCji9VV8UB7C53mXf1F",-1,"iad1",-1,-1,"ReferenceError: exports is not defined in ES module scope
This file is being treated as an ES module because it has a '.js' file extension and '/var/task/package.json' contains ""type"": ""module"". To treat it as a CommonJS script, rename it to use the '.cjs' file extension.
    at file:///var/task/api/anthropic.js:2:23
    at ModuleJob.run (node:internal/modules/esm/module_job:263:25)
    at async ModuleLoader.import (node:internal/modules/esm/loader:540:24)
    at async d (/opt/rust/nodejs.js:16:20669)
Node.js process exited with exit status: 1. The logs above can help with debugging the issue.","prj_Cc8bXjnSlUr4XprvpBC33PsA8fGV","","","01K3AJ6ZKA23B43FFYA8APB99A","",-1
"2025-08-23 04:15:29",1755922529898,"polaris.smartslate.io/api/anthropic","POST","",500,"xlzc5-1755922529519-752c61e0a677","Mozilla/5.0 (X11; Linux x86_64) AppleWebKit/537.36 (KHTML, like Gecko) Chrome/139.0.0.0 Safari/537.36","error","production","main","","lambda","/api/anthropic","polaris.smartslate.io","polaris.smartslate.io","dpl_91Tc2PyDLUCji9VV8UB7C53mXf1F",115,"iad1",76,2048,"","prj_Cc8bXjnSlUr4XprvpBC33PsA8fGV","","","01K3AJ6ZKA23B43FFYA8APB99A","",1
"2025-08-23 04:15:26",1755922526769,"smartslate-polaris-ejf8m318v-notjitin-1994s-projects.vercel.app/api/anthropic","POST","",-1,"w844x-1755922526231-1b0720bebabd","vercel-screenshot/1.0","error","production","main","","lambda","/api/anthropic","smartslate-polaris-ejf8m318v-notjitin-1994s-projects.vercel.app","smartslate-polaris-ejf8m318v-notjitin-1994s-projects.vercel.app","dpl_91Tc2PyDLUCji9VV8UB7C53mXf1F",-1,"iad1",-1,-1,"ReferenceError: exports is not defined in ES module scope
This file is being treated as an ES module because it has a '.js' file extension and '/var/task/package.json' contains ""type"": ""module"". To treat it as a CommonJS script, rename it to use the '.cjs' file extension.
    at file:///var/task/api/anthropic.js:2:23
    at ModuleJob.run (node:internal/modules/esm/module_job:263:25)
    at async ModuleLoader.import (node:internal/modules/esm/loader:540:24)
    at async d (/opt/rust/nodejs.js:16:20669)
Node.js process exited with exit status: 1. The logs above can help with debugging the issue.
ReferenceError: exports is not defined in ES module scope
This file is being treated as an ES module because it has a '.js' file extension and '/var/task/package.json' contains ""type"": ""module"". To treat it as a CommonJS script, rename it to use the '.cjs' file extension.
    at file:///var/task/api/anthropic.js:2:23
    at ModuleJob.run (node:internal/modules/esm/module_job:263:25)
    at async ModuleLoader.import (node:internal/modules/esm/loader:540:24)
    at async d (/opt/rust/nodejs.js:16:20669)
Node.js process exited with exit status: 1. The logs above can help with debugging the issue.","prj_Cc8bXjnSlUr4XprvpBC33PsA8fGV","","","01K3AJ6W48CZPR8BGNQ138PKBR","",-1
"2025-08-23 04:15:26",1755922526506,"smartslate-polaris-ejf8m318v-notjitin-1994s-projects.vercel.app/api/anthropic","POST","",-1,"pvxqp-1755922526202-c4d70e827ae2","vercel-screenshot/1.0","error","production","main","","lambda","/api/anthropic","smartslate-polaris-ejf8m318v-notjitin-1994s-projects.vercel.app","smartslate-polaris-ejf8m318v-notjitin-1994s-projects.vercel.app","dpl_91Tc2PyDLUCji9VV8UB7C53mXf1F",-1,"iad1",-1,-1,"ReferenceError: exports is not defined in ES module scope
This file is being treated as an ES module because it has a '.js' file extension and '/var/task/package.json' contains ""type"": ""module"". To treat it as a CommonJS script, rename it to use the '.cjs' file extension.
    at file:///var/task/api/anthropic.js:2:23
    at ModuleJob.run (node:internal/modules/esm/module_job:263:25)
    at async ModuleLoader.import (node:internal/modules/esm/loader:540:24)
    at async d (/opt/rust/nodejs.js:16:20669)
Node.js process exited with exit status: 1. The logs above can help with debugging the issue.","prj_Cc8bXjnSlUr4XprvpBC33PsA8fGV","","","01K3AJ6W47ENSAS7YVTXK6HNK2","",-1
"2025-08-23 04:15:26",1755922526344,"smartslate-polaris-ejf8m318v-notjitin-1994s-projects.vercel.app/api/anthropic","POST","",500,"w844x-1755922526231-1b0720bebabd","vercel-screenshot/1.0","error","production","main","","lambda","/api/anthropic","smartslate-polaris-ejf8m318v-notjitin-1994s-projects.vercel.app","smartslate-polaris-ejf8m318v-notjitin-1994s-projects.vercel.app","dpl_91Tc2PyDLUCji9VV8UB7C53mXf1F",120,"iad1",76,2048,"","prj_Cc8bXjnSlUr4XprvpBC33PsA8fGV","","","01K3AJ6W48CZPR8BGNQ138PKBR","",1
"2025-08-23 04:15:26",1755922526343,"smartslate-polaris-ejf8m318v-notjitin-1994s-projects.vercel.app/api/anthropic","POST","",500,"pvxqp-1755922526202-c4d70e827ae2","vercel-screenshot/1.0","error","production","main","","lambda","/api/anthropic","smartslate-polaris-ejf8m318v-notjitin-1994s-projects.vercel.app","smartslate-polaris-ejf8m318v-notjitin-1994s-projects.vercel.app","dpl_91Tc2PyDLUCji9VV8UB7C53mXf1F",140,"iad1",76,2048,"","prj_Cc8bXjnSlUr4XprvpBC33PsA8fGV","","","01K3AJ6W47ENSAS7YVTXK6HNK2","",1
